{"cameraMode":{"drawMode":0,"name":"Shaded","section":"Shading Mode"},"sceneLighting":false,"audioPlay":false,"sceneViewState":{"showFog":false,"showMaterialUpdate":false,"showSkybox":false,"showFlares":false,"showImageEffects":false,"showParticleSystems":false},"in2DMode":false,"pivot":{"x":-9.66043472290039,"y":0.15197008848190309,"z":3.9628355503082277},"rotation":{"x":0.01982090063393116,"y":-0.6288902163505554,"z":0.016039233654737474,"w":0.7770783305168152},"size":5.228168487548828,"orthographic":false}