{"cameraMode":{"drawMode":0,"name":"Shaded","section":"Shading Mode"},"sceneLighting":false,"audioPlay":false,"sceneViewState":{"showFog":true,"showMaterialUpdate":false,"showSkybox":false,"showFlares":true,"showImageEffects":true,"showParticleSystems":true},"in2DMode":false,"pivot":{"x":-1.0864707231521607,"y":0.5848719477653503,"z":0.3056602478027344},"rotation":{"x":0.013182460330426693,"y":-0.9856166839599609,"z":0.09223917871713638,"w":0.14114739000797273},"size":2.4073948860168459,"orthographic":false}