{"cameraMode":{"drawMode":0,"name":"Shaded","section":"Shading Mode"},"sceneLighting":false,"audioPlay":false,"sceneViewState":{"showFog":true,"showMaterialUpdate":false,"showSkybox":false,"showFlares":true,"showImageEffects":true,"showParticleSystems":true},"in2DMode":false,"pivot":{"x":-0.32564449310302737,"y":1.3626248836517335,"z":2.794541358947754},"rotation":{"x":0.06051541492342949,"y":-0.8807489275932312,"z":0.11722885072231293,"w":0.45488548278808596},"size":0.6361891031265259,"orthographic":false}