{"cameraMode":{"drawMode":0,"name":"Shaded","section":"Shading Mode"},"sceneLighting":false,"audioPlay":false,"sceneViewState":{"showFog":false,"showMaterialUpdate":false,"showSkybox":false,"showFlares":false,"showImageEffects":false,"showParticleSystems":false},"in2DMode":false,"pivot":{"x":0.21381855010986329,"y":0.15210890769958497,"z":1.3519318103790284},"rotation":{"x":-0.08885494619607926,"y":-0.665316104888916,"z":0.08022438734769821,"w":-0.7369038462638855},"size":4.7959489822387699,"orthographic":false}