{"cameraMode":{"drawMode":0,"name":"Shaded","section":"Shading Mode"},"sceneLighting":false,"audioPlay":false,"sceneViewState":{"showFog":true,"showMaterialUpdate":false,"showSkybox":false,"showFlares":true,"showImageEffects":true,"showParticleSystems":true},"in2DMode":false,"pivot":{"x":12.507076263427735,"y":-36.42729568481445,"z":54.42333221435547},"rotation":{"x":0.2812650799751282,"y":0.09310390800237656,"z":-0.027430523186922075,"w":0.9547181725502014},"size":36.67340087890625,"orthographic":false}