{"cameraMode":{"drawMode":0,"name":"Shaded","section":"Shading Mode"},"sceneLighting":false,"audioPlay":false,"sceneViewState":{"showFog":false,"showMaterialUpdate":false,"showSkybox":false,"showFlares":false,"showImageEffects":false,"showParticleSystems":false},"in2DMode":false,"pivot":{"x":-0.1216319352388382,"y":1.6699323654174805,"z":-0.13116204738616944},"rotation":{"x":0.004275417886674404,"y":-0.9929588437080383,"z":0.11218185722827912,"w":0.03784257546067238},"size":0.6050534844398499,"orthographic":true}