{"cameraMode":{"drawMode":0,"name":"Shaded","section":"Shading Mode"},"sceneLighting":false,"audioPlay":false,"sceneViewState":{"showFog":false,"showMaterialUpdate":false,"showSkybox":false,"showFlares":false,"showImageEffects":false,"showParticleSystems":false},"in2DMode":false,"pivot":{"x":-0.03341302275657654,"y":1.051132082939148,"z":-0.03201528638601303},"rotation":{"x":0.04478670284152031,"y":-0.955168604850769,"z":0.20208992063999177,"w":0.21168194711208344},"size":0.06560102850198746,"orthographic":false}