{"cameraMode":{"drawMode":0,"name":"Shaded","section":"Shading Mode"},"sceneLighting":false,"audioPlay":false,"sceneViewState":{"showFog":true,"showMaterialUpdate":false,"showSkybox":false,"showFlares":true,"showImageEffects":true,"showParticleSystems":true},"in2DMode":false,"pivot":{"x":-28.531051635742189,"y":-1.8413403034210206,"z":62.82691192626953},"rotation":{"x":0.024943897500634195,"y":-0.20720815658569337,"z":0.005286295898258686,"w":0.9779728055000305},"size":36.42133331298828,"orthographic":false}