{"cameraMode":{"drawMode":0,"name":"Shaded","section":"Shading Mode"},"sceneLighting":false,"audioPlay":false,"sceneViewState":{"showFog":false,"showMaterialUpdate":false,"showSkybox":false,"showFlares":false,"showImageEffects":false,"showParticleSystems":false},"in2DMode":false,"pivot":{"x":-2.384185791015625e-7,"y":0.9005734920501709,"z":0.009889811277389527},"rotation":{"x":-0.2277495563030243,"y":-0.7143824100494385,"z":0.2691418528556824,"w":-0.6044794321060181},"size":1.2206007242202759,"orthographic":false}