{"cameraMode":{"drawMode":0,"name":"Shaded","section":"Shading Mode"},"sceneLighting":false,"audioPlay":false,"sceneViewState":{"showFog":true,"showMaterialUpdate":false,"showSkybox":false,"showFlares":true,"showImageEffects":true,"showParticleSystems":true},"in2DMode":false,"pivot":{"x":-0.20607948303222657,"y":2.98881459236145,"z":0.30271053314208987},"rotation":{"x":0.010806508362293244,"y":-0.9891865849494934,"z":0.10456052422523499,"w":0.10248839855194092},"size":2.104989767074585,"orthographic":false}