{"cameraMode":{"drawMode":0,"name":"Shaded","section":"Shading Mode"},"sceneLighting":false,"audioPlay":false,"sceneViewState":{"showFog":false,"showMaterialUpdate":false,"showSkybox":false,"showFlares":false,"showImageEffects":false,"showParticleSystems":false},"in2DMode":false,"pivot":{"x":0.16401827335357667,"y":0.3184017241001129,"z":0.8456068634986877},"rotation":{"x":0.09947698563337326,"y":-0.5939290523529053,"z":0.07432889193296433,"w":0.7948781251907349},"size":1.0268739461898804,"orthographic":true}