{"cameraMode":{"drawMode":0,"name":"Shaded","section":"Shading Mode"},"sceneLighting":false,"audioPlay":false,"sceneViewState":{"showFog":false,"showMaterialUpdate":false,"showSkybox":false,"showFlares":false,"showImageEffects":false,"showParticleSystems":false},"in2DMode":false,"pivot":{"x":-0.0017365776002407075,"y":0.004853285849094391,"z":0.002382907085120678},"rotation":{"x":0.06880293786525727,"y":-0.6552812457084656,"z":0.060126129537820819,"w":0.7498397827148438},"size":0.006560087203979492,"orthographic":false}