{"cameraMode":{"drawMode":0,"name":"Shaded","section":"Shading Mode"},"sceneLighting":false,"audioPlay":false,"sceneViewState":{"showFog":false,"showMaterialUpdate":false,"showSkybox":false,"showFlares":false,"showImageEffects":false,"showParticleSystems":false},"in2DMode":false,"pivot":{"x":0.015944182872772218,"y":0.05120515078306198,"z":0.037803079932928088},"rotation":{"x":-0.006179697811603546,"y":-0.7269346714019775,"z":0.006543284747749567,"w":-0.6866493821144104},"size":0.3113393187522888,"orthographic":false}