{"cameraMode":{"drawMode":0,"name":"Shaded","section":"Shading Mode"},"sceneLighting":false,"audioPlay":false,"sceneViewState":{"showFog":true,"showMaterialUpdate":false,"showSkybox":false,"showFlares":true,"showImageEffects":true,"showParticleSystems":true},"in2DMode":false,"pivot":{"x":-63.226348876953128,"y":-27.81768226623535,"z":43.44968032836914},"rotation":{"x":0.16734476387500764,"y":-0.4717284142971039,"z":0.09170476347208023,"w":0.8608572483062744},"size":48.08004379272461,"orthographic":false}