{"cameraMode":{"drawMode":0,"name":"Shaded","section":"Shading Mode"},"sceneLighting":false,"audioPlay":false,"sceneViewState":{"showFog":true,"showMaterialUpdate":false,"showSkybox":false,"showFlares":true,"showImageEffects":true,"showParticleSystems":true},"in2DMode":false,"pivot":{"x":-35.71613693237305,"y":-23.668075561523439,"z":-46.95915603637695},"rotation":{"x":0.06392405927181244,"y":-0.9292488694190979,"z":0.19224081933498383,"w":0.30898329615592959},"size":36.156707763671878,"orthographic":false}