{"cameraMode":{"drawMode":0,"name":"Shaded","section":"Shading Mode"},"sceneLighting":false,"audioPlay":false,"sceneViewState":{"showFog":false,"showMaterialUpdate":false,"showSkybox":false,"showFlares":false,"showImageEffects":false,"showParticleSystems":false},"in2DMode":false,"pivot":{"x":5.175695419311523,"y":0.35991162061691286,"z":3.1992032527923586},"rotation":{"x":-0.047317374497652057,"y":-0.48038217425346377,"z":0.025966826826334,"w":-0.8753985166549683},"size":3.728167772293091,"orthographic":false}