{"cameraMode":{"drawMode":0,"name":"Shaded","section":"Shading Mode"},"sceneLighting":false,"audioPlay":false,"sceneViewState":{"showFog":false,"showMaterialUpdate":false,"showSkybox":false,"showFlares":false,"showImageEffects":false,"showParticleSystems":false},"in2DMode":false,"pivot":{"x":4.20460319519043,"y":0.1342596411705017,"z":0.5649843215942383},"rotation":{"x":0.003789481008425355,"y":-0.9955971240997315,"z":0.04632897302508354,"w":0.08141450583934784},"size":4.207394599914551,"orthographic":false}