{"cameraMode":{"drawMode":0,"name":"Shaded","section":"Shading Mode"},"sceneLighting":false,"audioPlay":false,"sceneViewState":{"showFog":false,"showMaterialUpdate":false,"showSkybox":false,"showFlares":false,"showImageEffects":false,"showParticleSystems":false},"in2DMode":false,"pivot":{"x":-0.12412389367818833,"y":0.9334227442741394,"z":-0.24511748552322389},"rotation":{"x":0.004197581671178341,"y":-0.9950201511383057,"z":0.04779796674847603,"w":0.08737985044717789},"size":1.1637569665908814,"orthographic":true}