{"cameraMode":{"drawMode":0,"name":"Shaded","section":"Shading Mode"},"sceneLighting":false,"audioPlay":false,"sceneViewState":{"showFog":false,"showMaterialUpdate":false,"showSkybox":false,"showFlares":false,"showImageEffects":false,"showParticleSystems":false},"in2DMode":false,"pivot":{"x":12.658427238464356,"y":-2.6542930603027345,"z":8.791208267211914},"rotation":{"x":-0.10651548951864243,"y":-0.4736161231994629,"z":0.05783022195100784,"w":-0.8723538517951965},"size":11.04904842376709,"orthographic":false}