{"cameraMode":{"drawMode":0,"name":"Shaded","section":"Shading Mode"},"sceneLighting":false,"audioPlay":false,"sceneViewState":{"showFog":false,"showMaterialUpdate":false,"showSkybox":false,"showFlares":false,"showImageEffects":false,"showParticleSystems":false},"in2DMode":false,"pivot":{"x":352.328369140625,"y":154.4091796875,"z":400.9004821777344},"rotation":{"x":0.004494620021432638,"y":-0.050364796072244647,"z":0.00022516300668939948,"w":0.9987224340438843},"size":255.06442260742188,"orthographic":false}