{"cameraMode":{"drawMode":0,"name":"Shaded","section":"Shading Mode"},"sceneLighting":false,"audioPlay":false,"sceneViewState":{"showFog":true,"showMaterialUpdate":false,"showSkybox":false,"showFlares":true,"showImageEffects":true,"showParticleSystems":true},"in2DMode":false,"pivot":{"x":-0.14415891468524934,"y":1.1047426462173463,"z":3.108050584793091},"rotation":{"x":0.010806508362293244,"y":-0.9891865849494934,"z":0.10456052422523499,"w":0.10248839855194092},"size":1.2361891269683838,"orthographic":false}