{"cameraMode":{"drawMode":0,"name":"Shaded","section":"Shading Mode"},"sceneLighting":false,"audioPlay":false,"sceneViewState":{"showFog":false,"showMaterialUpdate":false,"showSkybox":false,"showFlares":false,"showImageEffects":false,"showParticleSystems":false},"in2DMode":false,"pivot":{"x":0.002320455387234688,"y":0.008090533316135407,"z":-0.003418805543333292},"rotation":{"x":-0.0345824770629406,"y":-0.6388856172561646,"z":0.02877015806734562,"w":-0.7679871916770935},"size":0.012207865715026856,"orthographic":false}