{"cameraMode":{"drawMode":0,"name":"Shaded","section":"Shading Mode"},"sceneLighting":false,"audioPlay":false,"sceneViewState":{"showFog":true,"showMaterialUpdate":false,"showSkybox":false,"showFlares":true,"showImageEffects":true,"showParticleSystems":true},"in2DMode":false,"pivot":{"x":-64.43759155273438,"y":-36.75642395019531,"z":-20.66175651550293},"rotation":{"x":0.14513908326625825,"y":-0.7853695154190064,"z":0.20095917582511903,"w":0.5672406554222107},"size":42.5369758605957,"orthographic":false}