{"cameraMode":{"drawMode":0,"name":"Shaded","section":"Shading Mode"},"sceneLighting":false,"audioPlay":false,"sceneViewState":{"showFog":true,"showMaterialUpdate":false,"showSkybox":false,"showFlares":true,"showImageEffects":true,"showParticleSystems":true},"in2DMode":false,"pivot":{"x":-32.59714126586914,"y":-23.66806983947754,"z":-49.148406982421878},"rotation":{"x":0.058128926903009418,"y":-0.9380987286567688,"z":0.1940717250108719,"w":0.2809709310531616},"size":34.5997200012207,"orthographic":false}