{"cameraMode":{"drawMode":0,"name":"Shaded","section":"Shading Mode"},"sceneLighting":false,"audioPlay":false,"sceneViewState":{"showFog":true,"showMaterialUpdate":false,"showSkybox":false,"showFlares":true,"showImageEffects":true,"showParticleSystems":true},"in2DMode":false,"pivot":{"x":-74.14546966552735,"y":-5.942549705505371,"z":2.869039535522461},"rotation":{"x":0.03751549497246742,"y":-0.6982493996620178,"z":0.03669334203004837,"w":0.7139403820037842},"size":38.97490692138672,"orthographic":false}