{"cameraMode":{"drawMode":0,"name":"Shaded","section":"Shading Mode"},"sceneLighting":false,"audioPlay":false,"sceneViewState":{"showFog":false,"showMaterialUpdate":false,"showSkybox":false,"showFlares":false,"showImageEffects":false,"showParticleSystems":false},"in2DMode":false,"pivot":{"x":-0.3865501880645752,"y":1.9141716957092286,"z":-1.1772842407226563},"rotation":{"x":0.009133215993642807,"y":-0.983388364315033,"z":0.05167539417743683,"w":0.17378000915050507},"size":3.0158748626708986,"orthographic":false}