{"cameraMode":{"drawMode":0,"name":"Shaded","section":"Shading Mode"},"sceneLighting":false,"audioPlay":false,"sceneViewState":{"showFog":false,"showMaterialUpdate":false,"showSkybox":false,"showFlares":false,"showImageEffects":false,"showParticleSystems":false},"in2DMode":false,"pivot":{"x":-4.76837158203125e-7,"y":0.9923511743545532,"z":0.0},"rotation":{"x":0.004275417886674404,"y":-0.9929588437080383,"z":0.11218185722827912,"w":0.03784257546067238},"size":1.3262239694595338,"orthographic":true}