{"cameraMode":{"drawMode":0,"name":"Shaded","section":"Shading Mode"},"sceneLighting":false,"audioPlay":false,"sceneViewState":{"showFog":false,"showMaterialUpdate":false,"showSkybox":false,"showFlares":false,"showImageEffects":false,"showParticleSystems":false},"in2DMode":false,"pivot":{"x":5.082923412322998,"y":-2.225592613220215,"z":8.710794448852539},"rotation":{"x":-0.11816690862178803,"y":-0.2670012414455414,"z":0.03300882875919342,"w":-0.9558560252189636},"size":6.530043601989746,"orthographic":false}