{"cameraMode":{"drawMode":0,"name":"Shaded","section":"Shading Mode"},"sceneLighting":false,"audioPlay":false,"sceneViewState":{"showFog":false,"showMaterialUpdate":false,"showSkybox":false,"showFlares":false,"showImageEffects":false,"showParticleSystems":false},"in2DMode":false,"pivot":{"x":-1.3242378234863282,"y":-0.2766454219818115,"z":4.30019474029541},"rotation":{"x":0.01982090063393116,"y":-0.6288902163505554,"z":0.016039233654737474,"w":0.7770783305168152},"size":11.496003150939942,"orthographic":false}