{"cameraMode":{"drawMode":0,"name":"Shaded","section":"Shading Mode"},"sceneLighting":false,"audioPlay":false,"sceneViewState":{"showFog":false,"showMaterialUpdate":false,"showSkybox":false,"showFlares":false,"showImageEffects":false,"showParticleSystems":false},"in2DMode":false,"pivot":{"x":0.5268977284431458,"y":1.6555238962173463,"z":-2.45801043510437},"rotation":{"x":-0.0023441228549927475,"y":-0.9943045973777771,"z":0.02237592078745365,"w":-0.10419115424156189},"size":1.6540067195892335,"orthographic":false}