{"cameraMode":{"drawMode":0,"name":"Shaded","section":"Shading Mode"},"sceneLighting":false,"audioPlay":false,"sceneViewState":{"showFog":true,"showMaterialUpdate":false,"showSkybox":false,"showFlares":true,"showImageEffects":true,"showParticleSystems":true},"in2DMode":false,"pivot":{"x":-7.327516078948975,"y":-1.3654980659484864,"z":-5.560235500335693},"rotation":{"x":0.05074775218963623,"y":-0.8973156809806824,"z":0.10712124407291413,"w":0.42524364590644839},"size":5.119533061981201,"orthographic":false}