{"cameraMode":{"drawMode":0,"name":"Shaded","section":"Shading Mode"},"sceneLighting":false,"audioPlay":false,"sceneViewState":{"showFog":false,"showMaterialUpdate":false,"showSkybox":false,"showFlares":false,"showImageEffects":false,"showParticleSystems":false},"in2DMode":false,"pivot":{"x":0.0,"y":0.8928873538970947,"z":1.7139054536819459},"rotation":{"x":-0.11578629165887833,"y":-0.20057359337806703,"z":0.023880790919065477,"w":-0.9725204110145569},"size":2.7313344478607179,"orthographic":false}