{"cameraMode":{"drawMode":0,"name":"Shaded","section":"Shading Mode"},"sceneLighting":false,"audioPlay":false,"sceneViewState":{"showFog":false,"showMaterialUpdate":false,"showSkybox":false,"showFlares":false,"showImageEffects":false,"showParticleSystems":false},"in2DMode":false,"pivot":{"x":-0.000041085295379161835,"y":0.003803119994699955,"z":0.001934144296683371},"rotation":{"x":0.007378141395747662,"y":-0.7115132212638855,"z":0.007471037097275257,"w":0.7025962471961975},"size":0.006560087203979492,"orthographic":false}