{"cameraMode":{"drawMode":0,"name":"Shaded","section":"Shading Mode"},"sceneLighting":false,"audioPlay":false,"sceneViewState":{"showFog":true,"showMaterialUpdate":false,"showSkybox":false,"showFlares":true,"showImageEffects":true,"showParticleSystems":true},"in2DMode":false,"pivot":{"x":-33.474090576171878,"y":-29.021005630493165,"z":49.04838562011719},"rotation":{"x":0.22375668585300446,"y":-0.29448503255844118,"z":0.0711284875869751,"w":0.9263736605644226},"size":34.10413360595703,"orthographic":false}