{"cameraMode":{"drawMode":0,"name":"Shaded","section":"Shading Mode"},"sceneLighting":false,"audioPlay":false,"sceneViewState":{"showFog":false,"showMaterialUpdate":false,"showSkybox":false,"showFlares":false,"showImageEffects":false,"showParticleSystems":false},"in2DMode":false,"pivot":{"x":0.006174638867378235,"y":1.7426789999008179,"z":-0.03279019892215729},"rotation":{"x":-0.003173782955855131,"y":0.9864766597747803,"z":-0.019239092245697976,"w":-0.16274207830429078},"size":0.2719086706638336,"orthographic":true}