{"cameraMode":{"drawMode":0,"name":"Shaded","section":"Shading Mode"},"sceneLighting":false,"audioPlay":false,"sceneViewState":{"showFog":false,"showMaterialUpdate":false,"showSkybox":false,"showFlares":false,"showImageEffects":false,"showParticleSystems":false},"in2DMode":false,"pivot":{"x":-1.6344242095947266,"y":0.7699995040893555,"z":8.81374740600586},"rotation":{"x":-0.11816690862178803,"y":-0.2670012414455414,"z":0.03300882875919342,"w":-0.9558560252189636},"size":21.81462287902832,"orthographic":false}